{"cameraMode":{"drawMode":0,"name":"Shaded","section":"Shading Mode"},"sceneLighting":true,"audioPlay":false,"sceneViewState":{"m_AlwaysRefresh":false,"showFog":true,"showSkybox":true,"showFlares":true,"showImageEffects":true,"showParticleSystems":true,"showVisualEffectGraphs":true,"m_FxEnabled":true},"in2DMode":false,"pivot":{"x":-6.001808166503906,"y":1.6397982835769654,"z":6.004301071166992},"rotation":{"x":0.02760416455566883,"y":-0.39108580350875857,"z":0.011736525222659111,"w":0.9198697805404663},"size":10.772510528564454,"orthographic":false}